
[
        {
            "name": "content",
            "indexes": [
                {
                    "index": {
                        "fields": [
                            "desktopAppMetadata.updatedOn"
                        ]
                    },
                    "name": "sort_updatedOn_index"
                },
                {
                    "index": {
                        "fields": [
                            "desktopAppMetadata.isAvailable",
                            "desktopAppMetadata.updatedOn",
                            "board",
                            "medium",
                            "gradeLevel",
                            "subject",
                            "dialcodes",
                            "keywords",
                            "name",
                            "description",
                            "contentType",
                            "description",
                            "identifier"
                            
                        ]
                    },
                    "name": "search"
                }
            ]
        },
        {
            "name": "framework",
            "indexes": [
                {
                    "index": {
                        "fields": [
                            "_id"
                        ]
                    }
                }
            ]
        },
        {
            "name": "faqs"
        },
        {
            "name": "resource_bundle",
            "indexes": [
                {
                    "index": {
                        "fields": [
                            "_id"
                        ]
                    }
                }
            ]
        },
        {
            "name": "organization",
            "indexes": [
                {
                    "index": {
                        "fields": [
                            "_id"
                        ]
                    }
                }
            ]
        },
        {
            "name": "channel",
            "indexes": [
                {
                    "index": {
                        "fields": [
                            "_id"
                        ]
                    }
                }
            ]
        },
        {
            "name": "form",
            "indexes": [
                {
                    "index": {
                        "fields": [
                            "_id"
                        ]
                    }
                }
            ]
        },
        {
            "name": "location"
        }
    ]
