{
    "databases": [
        {
            "name": "plugin_registry"
        },
        {
            "name": "settings"
        },
        {
            "name": "queue",
            "indexes": [
                {
                    "index": {
                        "fields": [
                            "type",
                            "subType"
                        ]
                    },
                    "name": "queueIndex"
                }
            ]
        },
        {
            "name": "telemetry",
            "indexes": [
                {
                    "index": {
                        "fields": [
                            "syncStatus"
                        ]
                    }
                }
            ]
        },
        {
            "name": "users",
            "indexes": [
                {
                    "index": {
                        "fields": [
                            "name"
                        ]
                    }
                }
            ]
        },
        {
            "name": "perf_log",
            "indexes": [
                {
                    "index": {
                        "fields": [
                            "createdOn"
                        ]
                    }
                }
            ]
        },
        {
            "name": "system_queue",
            "indexes": [
                {
                    "index": {
                        "fields": [
                            "plugin",
                            "type",
                            "group"
                        ]
                    }
                },
                {
                    "index": {
                        "fields": [
                            "plugin",
                            "type",
                            "group",
                            "indexField"
                        ]
                    }
                },
                {
                    "index": {
                        "fields": [
                            "plugin",
                            "type",
                            "group",
                            "indexField",
                            "_id"
                        ]
                    }
                }
            ]
        }
    ]
}